{
  "created_at": "2025-12-17T17:35:07.376494+00:00",
  "meta": {
    "ratings_path": ".\\ratings.csv",
    "k": 10,
    "relevant_threshold": 4,
    "max_users": 1000,
    "max_train_users": 4000,
    "max_train_items": 4000,
    "test_size": 0.2,
    "random_state": 42,
    "n_components": 50
  },
  "result": {
    "rmse": 0.8444918928490242,
    "mae": 0.6526509589076521,
    "precision_at_k": 0.032600000000000004,
    "recall_at_k": 0.03300220143180508,
    "test_size": 55250,
    "error": null,
    "note": "Giới hạn top 4000 users theo số rating để tránh OOM. Giới hạn top 4000 items theo số rating để tránh OOM. Users: 3,998/53,424, Items: 4,000/10,000."
  }
}